PDB_file	length	pLDDT_mean	pLDDT_overall_quality	pLDDT_VERY_LOW_residue_count	pLDDT_VERY_LOW_residue_percent	pLDDT_LOW_residue_count	pLDDT_LOW_residue_percent	pLDDT_HIGH_residue_count	pLDDT_HIGH_residue_percent	pLDDT_VERY_HIGH_residue_count	pLDDT_VERY_HIGH_residue_percent
proteins/Montipora_capitata_KBHIv3___RNAseq.21890_t.faa.colabfold/plots/0.pdb	485	64.77150515463919	Low	166	34.22680412371134	91	18.762886597938145	165	34.02061855670103	63	12.989690721649486
proteins/Montipora_capitata_KBHIv3___RNAseq.3107_t.faa.colabfold/plots/0.pdb	223	77.8988789237668	High	35	15.695067264573993	25	11.210762331838566	70	31.390134529147986	93	41.70403587443946
proteins/Montipora_capitata_KBHIv3___RNAseq.32244_t.faa.colabfold/plots/0.pdb	977	54.30934493346984	Low	578	59.16069600818833	46	4.7082906857727735	72	7.36949846468782	281	28.761514841351076
proteins/Montipora_capitata_KBHIv3___RNAseq.3408_t.faa.colabfold/plots/0.pdb	310	89.12958064516125	High	13	4.193548387096775	13	4.193548387096775	79	25.483870967741932	205	66.12903225806451
proteins/Montipora_capitata_KBHIv3___RNAseq.3837_t.faa.colabfold/plots/0.pdb	2325	82.96585376344089	High	160	6.881720430107527	175	7.526881720430108	1012	43.526881720430104	978	42.064516129032256
proteins/Montipora_capitata_KBHIv3___RNAseq.6258_t.faa.colabfold/plots/0.pdb	500	82.65625999999997	High	39	7.8	50	10.0	156	31.2	255	51.0
proteins/Montipora_capitata_KBHIv3___RNAseq.g10748.t1.faa.colabfold/plots/0.pdb	125	92.39712000000002	Very_High	6	4.8	6	4.8	4	3.2	109	87.2
proteins/Montipora_capitata_KBHIv3___RNAseq.g11106.t1a.faa.colabfold/plots/0.pdb	660	91.15501515151514	Very_High	3	0.45454545454545453	23	3.4848484848484853	144	21.818181818181817	490	74.24242424242425
proteins/Montipora_capitata_KBHIv3___RNAseq.g11191.t1.faa.colabfold/plots/0.pdb	281	87.67174377224201	High	25	8.896797153024911	9	3.202846975088968	51	18.14946619217082	196	69.7508896797153
proteins/Montipora_capitata_KBHIv3___RNAseq.g11219.t1.faa.colabfold/plots/0.pdb	562	92.52291814946625	Very_High	18	3.202846975088968	20	3.558718861209965	37	6.583629893238434	487	86.65480427046263
proteins/Montipora_capitata_KBHIv3___RNAseq.g11723.t1.faa.colabfold/plots/0.pdb	850	91.15855294117648	Very_High	24	2.823529411764706	22	2.588235294117647	147	17.294117647058822	657	77.29411764705883
proteins/Montipora_capitata_KBHIv3___RNAseq.g11930.t1.faa.colabfold/plots/0.pdb	341	73.268504398827	High	33	9.67741935483871	68	19.941348973607038	230	67.44868035190615	10	2.932551319648094
proteins/Montipora_capitata_KBHIv3___RNAseq.g12143.t1.faa.colabfold/plots/0.pdb	321	93.18934579439245	Very_High	9	2.803738317757009	8	2.4922118380062304	25	7.78816199376947	279	86.91588785046729
proteins/Montipora_capitata_KBHIv3___RNAseq.g12804.t1.faa.colabfold/plots/0.pdb	456	83.50350877192982	High	66	14.473684210526317	21	4.605263157894736	49	10.74561403508772	320	70.17543859649122
proteins/Montipora_capitata_KBHIv3___RNAseq.g13168.t1.faa.colabfold/plots/0.pdb	196	79.17836734693878	High	11	5.612244897959184	47	23.97959183673469	64	32.6530612244898	74	37.755102040816325
proteins/Montipora_capitata_KBHIv3___RNAseq.g13393.t1.faa.colabfold/plots/0.pdb	190	91.93331578947364	Very_High	0	0.0	2	1.0526315789473684	52	27.368421052631582	136	71.57894736842105
proteins/Montipora_capitata_KBHIv3___RNAseq.g13648.t1.faa.colabfold/plots/0.pdb	1026	65.19985380116965	Low	333	32.45614035087719	138	13.450292397660817	346	33.72319688109162	209	20.37037037037037
proteins/Montipora_capitata_KBHIv3___RNAseq.g13842.t1.faa.colabfold/plots/0.pdb	285	91.00670175438592	Very_High	18	6.315789473684211	7	2.456140350877193	23	8.070175438596491	237	83.15789473684211
proteins/Montipora_capitata_KBHIv3___RNAseq.g14436.t1.faa.colabfold/plots/0.pdb	443	84.6720993227991	High	27	6.094808126410835	13	2.9345372460496613	191	43.115124153498876	212	47.855530474040634
proteins/Montipora_capitata_KBHIv3___RNAseq.g14522.t1.faa.colabfold/plots/0.pdb	639	83.57109546165883	High	74	11.580594679186229	51	7.981220657276995	115	17.996870109546165	399	62.441314553990615
proteins/Montipora_capitata_KBHIv3___RNAseq.g14698.t1.faa.colabfold/plots/0.pdb	263	69.74885931558939	Low	97	36.88212927756654	12	4.562737642585551	12	4.562737642585551	142	53.99239543726235
proteins/Montipora_capitata_KBHIv3___RNAseq.g14764.t1.faa.colabfold/plots/0.pdb	470	81.54906382978712	High	70	14.893617021276595	42	8.936170212765958	85	18.085106382978726	273	58.08510638297872
proteins/Montipora_capitata_KBHIv3___RNAseq.g14766.t1.faa.colabfold/plots/0.pdb	283	68.40883392226148	Low	100	35.3356890459364	21	7.420494699646643	59	20.848056537102476	103	36.39575971731448
proteins/Montipora_capitata_KBHIv3___RNAseq.g14949.t1.faa.colabfold/plots/0.pdb	307	82.7339739413681	High	19	6.188925081433225	24	7.81758957654723	168	54.72312703583062	96	31.27035830618892
proteins/Montipora_capitata_KBHIv3___RNAseq.g15020.t1.faa.colabfold/plots/0.pdb	281	69.72526690391457	Low	71	25.26690391459075	39	13.87900355871886	109	38.79003558718861	62	22.064056939501782
proteins/Montipora_capitata_KBHIv3___RNAseq.g15157.t1.faa.colabfold/plots/0.pdb	297	96.65989898989905	Very_High	0	0.0	7	2.356902356902357	7	2.356902356902357	283	95.28619528619528
proteins/Montipora_capitata_KBHIv3___RNAseq.g15168.t1.faa.colabfold/plots/0.pdb	239	77.2426778242678	High	42	17.573221757322173	22	9.205020920502092	89	37.238493723849366	86	35.98326359832636
proteins/Montipora_capitata_KBHIv3___RNAseq.g15310.t1.faa.colabfold/plots/0.pdb	410	93.03107317073169	Very_High	16	3.902439024390244	4	0.975609756097561	34	8.292682926829269	356	86.82926829268293
proteins/Montipora_capitata_KBHIv3___RNAseq.g1540.t1.faa.colabfold/plots/0.pdb	337	94.15899109792291	Very_High	0	0.0	8	2.3738872403560833	31	9.198813056379821	298	88.4272997032641
proteins/Montipora_capitata_KBHIv3___RNAseq.g15648.t1.faa.colabfold/plots/0.pdb	445	81.05557303370787	High	71	15.955056179775282	22	4.943820224719101	92	20.674157303370784	260	58.42696629213483
proteins/Montipora_capitata_KBHIv3___RNAseq.g15693.t1.faa.colabfold/plots/0.pdb	488	92.29645491803286	Very_High	2	0.4098360655737705	11	2.2540983606557377	84	17.21311475409836	391	80.12295081967213
proteins/Montipora_capitata_KBHIv3___RNAseq.g15935.t1.faa.colabfold/plots/0.pdb	255	82.41349019607847	High	30	11.76470588235294	26	10.196078431372548	46	18.03921568627451	153	60.0
proteins/Montipora_capitata_KBHIv3___RNAseq.g17973.t1.faa.colabfold/plots/0.pdb	99	91.1237373737374	Very_High	2	2.0202020202020203	8	8.080808080808081	7	7.07070707070707	82	82.82828282828282
proteins/Montipora_capitata_KBHIv3___RNAseq.g18059.t1.faa.colabfold/plots/0.pdb	420	89.99326190476188	High	46	10.952380952380953	3	0.7142857142857143	6	1.4285714285714286	365	86.90476190476191
proteins/Montipora_capitata_KBHIv3___RNAseq.g18186.t1.faa.colabfold/plots/0.pdb	283	80.09802120141346	High	27	9.540636042402827	31	10.954063604240282	125	44.16961130742049	100	35.3356890459364
proteins/Montipora_capitata_KBHIv3___RNAseq.g18329.t1.faa.colabfold/plots/0.pdb	389	80.29010282776349	High	11	2.827763496143959	38	9.768637532133676	307	78.9203084832905	33	8.483290488431876
proteins/Montipora_capitata_KBHIv3___RNAseq.g18395.t1.faa.colabfold/plots/0.pdb	120	82.77533333333331	High	18	15.0	9	7.5	14	11.666666666666666	79	65.83333333333333
proteins/Montipora_capitata_KBHIv3___RNAseq.g19612.t1.faa.colabfold/plots/0.pdb	994	69.67890342052306	Low	255	25.653923541247487	118	11.87122736418511	438	44.06438631790744	183	18.410462776659962
proteins/Montipora_capitata_KBHIv3___RNAseq.g19766.t1.faa.colabfold/plots/0.pdb	692	79.96715317919076	High	99	14.30635838150289	31	4.479768786127168	279	40.31791907514451	283	40.895953757225435
proteins/Montipora_capitata_KBHIv3___RNAseq.g19800.t1.faa.colabfold/plots/0.pdb	263	87.40517110266158	High	20	7.604562737642586	22	8.365019011406844	24	9.125475285171103	197	74.90494296577947
proteins/Montipora_capitata_KBHIv3___RNAseq.g20270.t1.faa.colabfold/plots/0.pdb	376	71.09212765957444	High	10	2.6595744680851063	141	37.5	225	59.840425531914896	0	0.0
proteins/Montipora_capitata_KBHIv3___RNAseq.g20397.t1.faa.colabfold/plots/0.pdb	686	84.2593731778426	High	98	14.285714285714285	28	4.081632653061225	97	14.139941690962099	463	67.4927113702624
proteins/Montipora_capitata_KBHIv3___RNAseq.g21699.t1.faa.colabfold/plots/0.pdb	950	87.97908421052632	High	30	3.1578947368421053	58	6.105263157894736	270	28.421052631578945	592	62.31578947368421
proteins/Montipora_capitata_KBHIv3___RNAseq.g21715.t1.faa.colabfold/plots/0.pdb	786	72.95669211195927	High	177	22.519083969465647	83	10.559796437659033	266	33.842239185750635	260	33.078880407124686
proteins/Montipora_capitata_KBHIv3___RNAseq.g22110.t1.faa.colabfold/plots/0.pdb	676	90.24655325443786	Very_High	60	8.875739644970414	13	1.9230769230769231	22	3.2544378698224854	581	85.94674556213018
proteins/Montipora_capitata_KBHIv3___RNAseq.g22147.t1.faa.colabfold/plots/0.pdb	965	76.86394818652853	High	168	17.409326424870468	75	7.772020725388601	331	34.30051813471503	391	40.51813471502591
proteins/Montipora_capitata_KBHIv3___RNAseq.g22922.t1.faa.colabfold/plots/0.pdb	161	77.46409937888197	High	28	17.391304347826086	6	3.7267080745341614	78	48.4472049689441	49	30.434782608695656
proteins/Montipora_capitata_KBHIv3___RNAseq.g23247.t1.faa.colabfold/plots/0.pdb	579	87.12195164075992	High	33	5.699481865284974	29	5.008635578583765	141	24.352331606217618	376	64.93955094991365
proteins/Montipora_capitata_KBHIv3___RNAseq.g23571.t1.faa.colabfold/plots/0.pdb	221	71.18529411764703	High	53	23.981900452488688	21	9.502262443438914	99	44.79638009049774	48	21.71945701357466
proteins/Montipora_capitata_KBHIv3___RNAseq.g24538.t1.faa.colabfold/plots/0.pdb	389	83.03254498714655	High	23	5.912596401028278	64	16.452442159383033	83	21.336760925449873	219	56.29820051413882
proteins/Montipora_capitata_KBHIv3___RNAseq.g24539.t1.faa.colabfold/plots/0.pdb	182	96.01560439560444	Very_High	0	0.0	1	0.5494505494505495	5	2.7472527472527473	176	96.7032967032967
proteins/Montipora_capitata_KBHIv3___RNAseq.g25303.t1.faa.colabfold/plots/0.pdb	711	79.178129395218	High	126	17.72151898734177	31	4.360056258790436	202	28.41068917018284	352	49.507735583684955
proteins/Montipora_capitata_KBHIv3___RNAseq.g25313.t1.faa.colabfold/plots/0.pdb	389	80.36447300771206	High	79	20.308483290488432	19	4.884318766066838	46	11.825192802056556	245	62.98200514138818
proteins/Montipora_capitata_KBHIv3___RNAseq.g2535.t1.faa.colabfold/plots/0.pdb	497	75.34034205231389	High	54	10.865191146881289	72	14.486921529175051	307	61.77062374245473	64	12.877263581488934
proteins/Montipora_capitata_KBHIv3___RNAseq.g25526.t2.faa.colabfold/plots/0.pdb	335	92.48256716417909	Very_High	21	6.26865671641791	7	2.0895522388059704	9	2.6865671641791042	298	88.95522388059702
proteins/Montipora_capitata_KBHIv3___RNAseq.g25763.t1.faa.colabfold/plots/0.pdb	859	87.20167636786961	High	32	3.7252619324796274	50	5.820721769499418	248	28.870779976717113	529	61.58323632130384
proteins/Montipora_capitata_KBHIv3___RNAseq.g26043.t1.faa.colabfold/plots/0.pdb	687	85.47943231441042	High	35	5.094614264919942	55	8.005822416302767	217	31.58660844250364	380	55.31295487627366
proteins/Montipora_capitata_KBHIv3___RNAseq.g26546.t1.faa.colabfold/plots/0.pdb	227	65.13105726872246	Low	56	24.669603524229075	80	35.24229074889868	86	37.88546255506608	5	2.2026431718061676
proteins/Montipora_capitata_KBHIv3___RNAseq.g26610.t1.faa.colabfold/plots/0.pdb	336	90.32928571428575	Very_High	3	0.8928571428571428	20	5.952380952380952	70	20.833333333333336	243	72.32142857142857
proteins/Montipora_capitata_KBHIv3___RNAseq.g27614.t1.faa.colabfold/plots/0.pdb	549	90.11154826958106	Very_High	10	1.8214936247723135	35	6.375227686703097	84	15.300546448087433	420	76.50273224043715
proteins/Montipora_capitata_KBHIv3___RNAseq.g27661.t1.faa.colabfold/plots/0.pdb	897	87.11418060200667	High	70	7.803790412486064	24	2.6755852842809364	182	20.28985507246377	621	69.23076923076923
proteins/Montipora_capitata_KBHIv3___RNAseq.g27676.t1.faa.colabfold/plots/0.pdb	464	73.29836206896553	High	112	24.137931034482758	70	15.086206896551724	86	18.53448275862069	196	42.241379310344826
proteins/Montipora_capitata_KBHIv3___RNAseq.g27689.t1.faa.colabfold/plots/0.pdb	916	75.1728384279475	High	174	18.995633187772924	65	7.096069868995633	370	40.39301310043668	307	33.51528384279476
proteins/Montipora_capitata_KBHIv3___RNAseq.g27721.t1.faa.colabfold/plots/0.pdb	242	87.20818181818177	High	3	1.2396694214876034	14	5.785123966942149	86	35.53719008264463	139	57.438016528925615
proteins/Montipora_capitata_KBHIv3___RNAseq.g27785.t1.faa.colabfold/plots/0.pdb	128	77.85117187499999	High	18	14.0625	33	25.78125	8	6.25	69	53.90625
proteins/Montipora_capitata_KBHIv3___RNAseq.g27786.t1.faa.colabfold/plots/0.pdb	374	93.71318181818188	Very_High	5	1.3368983957219251	14	3.7433155080213902	19	5.080213903743315	336	89.83957219251337
proteins/Montipora_capitata_KBHIv3___RNAseq.g27816.t1.faa.colabfold/plots/0.pdb	526	79.07384030418248	High	36	6.844106463878327	72	13.688212927756654	353	67.11026615969583	65	12.357414448669202
proteins/Montipora_capitata_KBHIv3___RNAseq.g27924.t1.faa.colabfold/plots/0.pdb	1025	90.96109268292676	Very_High	53	5.170731707317073	21	2.048780487804878	103	10.048780487804878	848	82.73170731707317
proteins/Montipora_capitata_KBHIv3___RNAseq.g27981.t1.faa.colabfold/plots/0.pdb	1266	68.07316745655622	Low	371	29.30489731437599	110	8.688783570300158	583	46.05055292259084	202	15.955766192733018
proteins/Montipora_capitata_KBHIv3___RNAseq.g2805.t1.faa.colabfold/plots/0.pdb	1319	73.37695223654286	High	331	25.094768764215313	87	6.595905989385899	296	22.441243366186505	605	45.86808188021228
proteins/Montipora_capitata_KBHIv3___RNAseq.g28061.t1.faa.colabfold/plots/0.pdb	735	71.7670068027212	High	227	30.8843537414966	42	5.714285714285714	67	9.115646258503402	399	54.285714285714285
proteins/Montipora_capitata_KBHIv3___RNAseq.g28210.t1.faa.colabfold/plots/0.pdb	279	91.62150537634399	Very_High	0	0.0	7	2.5089605734767026	62	22.22222222222222	210	75.26881720430107
proteins/Montipora_capitata_KBHIv3___RNAseq.g28216.t1.faa.colabfold/plots/0.pdb	1030	69.01664077669908	Low	309	30.0	80	7.766990291262135	337	32.71844660194175	304	29.514563106796114
proteins/Montipora_capitata_KBHIv3___RNAseq.g28456.t1.faa.colabfold/plots/0.pdb	483	70.5115734989647	High	108	22.36024844720497	118	24.43064182194617	105	21.73913043478261	152	31.469979296066253
proteins/Montipora_capitata_KBHIv3___RNAseq.g28736.t1.faa.colabfold/plots/0.pdb	681	66.19212922173283	Low	233	34.2143906020558	69	10.13215859030837	192	28.193832599118945	187	27.45961820851689
proteins/Montipora_capitata_KBHIv3___RNAseq.g2926.t1.faa.colabfold/plots/0.pdb	322	80.65472049689444	High	33	10.248447204968944	53	16.459627329192546	84	26.08695652173913	152	47.20496894409938
proteins/Montipora_capitata_KBHIv3___RNAseq.g29536.t1.faa.colabfold/plots/0.pdb	174	69.26212643678159	Low	42	24.137931034482758	32	18.39080459770115	67	38.50574712643678	33	18.96551724137931
proteins/Montipora_capitata_KBHIv3___RNAseq.g30085.t1.faa.colabfold/plots/0.pdb	1400	80.26014285714291	High	204	14.571428571428571	93	6.642857142857143	364	26.0	739	52.78571428571428
proteins/Montipora_capitata_KBHIv3___RNAseq.g30414.t1.faa.colabfold/plots/0.pdb	337	85.69008902077158	High	8	2.3738872403560833	40	11.869436201780417	106	31.454005934718097	183	54.3026706231454
proteins/Montipora_capitata_KBHIv3___RNAseq.g30710.t1.faa.colabfold/plots/0.pdb	180	92.63377777777781	Very_High	0	0.0	1	0.5555555555555556	33	18.333333333333332	146	81.11111111111111
proteins/Montipora_capitata_KBHIv3___RNAseq.g3145.t1.faa.colabfold/plots/0.pdb	281	90.73704626334523	Very_High	0	0.0	15	5.338078291814947	49	17.437722419928825	217	77.22419928825623
proteins/Montipora_capitata_KBHIv3___RNAseq.g32575.t1.faa.colabfold/plots/0.pdb	1115	67.29356053811657	Low	403	36.143497757847534	51	4.573991031390134	223	20.0	438	39.28251121076233
proteins/Montipora_capitata_KBHIv3___RNAseq.g32691.t1.faa.colabfold/plots/0.pdb	382	65.28840314136131	Low	138	36.12565445026178	46	12.041884816753926	115	30.104712041884817	83	21.727748691099478
proteins/Montipora_capitata_KBHIv3___RNAseq.g32704.t1.faa.colabfold/plots/0.pdb	1287	75.74479409479419	High	261	20.27972027972028	66	5.128205128205128	421	32.71173271173271	539	41.88034188034188
proteins/Montipora_capitata_KBHIv3___RNAseq.g33136.t1.faa.colabfold/plots/0.pdb	421	70.65399049881236	High	85	20.19002375296912	135	32.066508313539195	65	15.439429928741092	136	32.304038004750595
proteins/Montipora_capitata_KBHIv3___RNAseq.g33360.t1.faa.colabfold/plots/0.pdb	251	85.5010756972111	High	2	0.796812749003984	18	7.171314741035857	131	52.191235059760956	100	39.8406374501992
proteins/Montipora_capitata_KBHIv3___RNAseq.g33475.t1.faa.colabfold/plots/0.pdb	764	71.60578534031409	High	128	16.75392670157068	197	25.785340314136125	302	39.52879581151832	137	17.93193717277487
proteins/Montipora_capitata_KBHIv3___RNAseq.g33664.t1.faa.colabfold/plots/0.pdb	475	87.5020210526316	High	48	10.105263157894736	7	1.4736842105263157	37	7.7894736842105265	383	80.63157894736842
proteins/Montipora_capitata_KBHIv3___RNAseq.g33717.t1.faa.colabfold/plots/0.pdb	243	76.14395061728396	High	41	16.872427983539097	19	7.818930041152264	128	52.674897119341566	55	22.633744855967077
proteins/Montipora_capitata_KBHIv3___RNAseq.g3371.t1.faa.colabfold/plots/0.pdb	796	69.97652010050254	Low	163	20.477386934673365	105	13.190954773869345	452	56.78391959798995	76	9.547738693467336
proteins/Montipora_capitata_KBHIv3___RNAseq.g33741.t1.faa.colabfold/plots/0.pdb	195	85.79153846153848	High	19	9.743589743589745	8	4.102564102564102	44	22.564102564102566	124	63.589743589743584
proteins/Montipora_capitata_KBHIv3___RNAseq.g33958.t1.faa.colabfold/plots/0.pdb	295	78.23823728813556	High	88	29.830508474576273	8	2.711864406779661	6	2.0338983050847457	193	65.42372881355932
proteins/Montipora_capitata_KBHIv3___RNAseq.g34074.t1.faa.colabfold/plots/0.pdb	264	87.51806818181815	High	23	8.712121212121213	12	4.545454545454546	40	15.151515151515152	189	71.5909090909091
proteins/Montipora_capitata_KBHIv3___RNAseq.g34381.t1.faa.colabfold/plots/0.pdb	500	86.58452	High	24	4.8	24	4.8	182	36.4	270	54.0
proteins/Montipora_capitata_KBHIv3___RNAseq.g34429.t1.faa.colabfold/plots/0.pdb	305	87.79501639344267	High	17	5.573770491803279	19	6.229508196721312	64	20.983606557377048	205	67.21311475409836
proteins/Montipora_capitata_KBHIv3___RNAseq.g34611.t1.faa.colabfold/plots/0.pdb	226	80.9396017699115	High	8	3.5398230088495577	44	19.469026548672566	86	38.05309734513274	88	38.93805309734513
proteins/Montipora_capitata_KBHIv3___RNAseq.g34945.t1.faa.colabfold/plots/0.pdb	554	68.04453068592055	Low	166	29.96389891696751	57	10.288808664259928	177	31.949458483754512	154	27.79783393501805
proteins/Montipora_capitata_KBHIv3___RNAseq.g34968.t1.faa.colabfold/plots/0.pdb	220	73.82636363636364	High	5	2.272727272727273	93	42.27272727272727	85	38.63636363636363	37	16.818181818181817
proteins/Montipora_capitata_KBHIv3___RNAseq.g35078.t1.faa.colabfold/plots/0.pdb	312	75.48733974358971	High	69	22.115384615384613	42	13.461538461538462	64	20.51282051282051	137	43.91025641025641
proteins/Montipora_capitata_KBHIv3___RNAseq.g35104.t3.faa.colabfold/plots/0.pdb	691	74.12968162083935	High	187	27.06222865412446	37	5.354558610709118	114	16.49782923299566	353	51.085383502170764
proteins/Montipora_capitata_KBHIv3___RNAseq.g35241.t1.faa.colabfold/plots/0.pdb	513	77.6946198830411	High	88	17.15399610136452	67	13.060428849902534	73	14.230019493177387	285	55.55555555555556
proteins/Montipora_capitata_KBHIv3___RNAseq.g35244.t1.faa.colabfold/plots/0.pdb	217	90.27216589861754	Very_High	2	0.9216589861751152	6	2.7649769585253456	51	23.502304147465438	158	72.81105990783409
proteins/Montipora_capitata_KBHIv3___RNAseq.g35374.t1.faa.colabfold/plots/0.pdb	463	74.37041036717066	High	68	14.686825053995682	54	11.663066954643629	287	61.98704103671706	54	11.663066954643629
proteins/Montipora_capitata_KBHIv3___RNAseq.g35525.t1.faa.colabfold/plots/0.pdb	575	82.57179130434776	High	51	8.869565217391303	43	7.478260869565218	206	35.82608695652174	275	47.82608695652174
proteins/Montipora_capitata_KBHIv3___RNAseq.g35555.t1.faa.colabfold/plots/0.pdb	638	87.93575235109722	High	18	2.8213166144200628	31	4.858934169278997	184	28.84012539184953	405	63.479623824451416
proteins/Montipora_capitata_KBHIv3___RNAseq.g36852.t1.faa.colabfold/plots/0.pdb	278	82.90859712230207	High	6	2.158273381294964	26	9.352517985611511	171	61.51079136690647	75	26.978417266187048
proteins/Montipora_capitata_KBHIv3___RNAseq.g36993.t1.faa.colabfold/plots/0.pdb	158	91.28727848101263	Very_High	0	0.0	14	8.860759493670885	15	9.49367088607595	129	81.64556962025317
proteins/Montipora_capitata_KBHIv3___RNAseq.g37072.t1.faa.colabfold/plots/0.pdb	202	87.25301980198014	High	0	0.0	17	8.415841584158416	82	40.5940594059406	103	50.99009900990099
proteins/Montipora_capitata_KBHIv3___RNAseq.g37178.t1.faa.colabfold/plots/0.pdb	454	88.43541850220262	High	25	5.506607929515418	15	3.303964757709251	111	24.44933920704846	303	66.74008810572687
proteins/Montipora_capitata_KBHIv3___RNAseq.g37385.t1.faa.colabfold/plots/0.pdb	304	96.5819736842106	Very_High	1	0.3289473684210526	3	0.9868421052631579	16	5.263157894736842	284	93.42105263157895
proteins/Montipora_capitata_KBHIv3___RNAseq.g37420.t1.faa.colabfold/plots/0.pdb	128	87.49359374999997	High	4	3.125	10	7.8125	32	25.0	82	64.0625
proteins/Montipora_capitata_KBHIv3___RNAseq.g37761.t1.faa.colabfold/plots/0.pdb	944	76.83522245762713	High	151	15.995762711864407	60	6.3559322033898304	490	51.90677966101694	243	25.741525423728813
proteins/Montipora_capitata_KBHIv3___RNAseq.g37804.t1.faa.colabfold/plots/0.pdb	502	88.21268924302791	High	22	4.382470119521913	24	4.780876494023905	127	25.298804780876495	329	65.5378486055777
proteins/Montipora_capitata_KBHIv3___RNAseq.g38737.t1.faa.colabfold/plots/0.pdb	299	72.99806020066886	High	89	29.76588628762542	18	6.0200668896321075	67	22.40802675585284	125	41.80602006688963
proteins/Montipora_capitata_KBHIv3___RNAseq.g39001.t1a.faa.colabfold/plots/0.pdb	448	93.61491071428578	Very_High	0	0.0	4	0.8928571428571428	60	13.392857142857142	384	85.71428571428571
proteins/Montipora_capitata_KBHIv3___RNAseq.g39901.t1.faa.colabfold/plots/0.pdb	464	88.51915948275867	High	32	6.896551724137931	10	2.1551724137931036	82	17.67241379310345	340	73.27586206896551
proteins/Montipora_capitata_KBHIv3___RNAseq.g40457.t1.faa.colabfold/plots/0.pdb	382	82.91599476439791	High	68	17.801047120418847	30	7.853403141361256	31	8.115183246073299	253	66.2303664921466
proteins/Montipora_capitata_KBHIv3___RNAseq.g41047.t1.faa.colabfold/plots/0.pdb	286	80.79486013986026	High	54	18.88111888111888	12	4.195804195804196	47	16.433566433566433	173	60.48951048951049
proteins/Montipora_capitata_KBHIv3___RNAseq.g41165.t1.faa.colabfold/plots/0.pdb	787	76.822795425667	High	85	10.800508259212197	125	15.88310038119441	411	52.22363405336722	166	21.092757306226176
proteins/Montipora_capitata_KBHIv3___RNAseq.g41210.t1.faa.colabfold/plots/0.pdb	708	84.35617231638416	High	83	11.72316384180791	36	5.084745762711865	125	17.65536723163842	464	65.5367231638418
proteins/Montipora_capitata_KBHIv3___RNAseq.g41267.t1.faa.colabfold/plots/0.pdb	230	84.0036086956521	High	27	11.73913043478261	27	11.73913043478261	22	9.565217391304348	154	66.95652173913044
proteins/Montipora_capitata_KBHIv3___RNAseq.g41393.t1.faa.colabfold/plots/0.pdb	228	90.93228070175432	Very_High	9	3.9473684210526314	2	0.8771929824561403	48	21.052631578947366	169	74.12280701754386
proteins/Montipora_capitata_KBHIv3___RNAseq.g41412.t1.faa.colabfold/plots/0.pdb	501	74.33902195608785	High	94	18.7624750499002	76	15.169660678642716	146	29.141716566866265	185	36.92614770459082
proteins/Montipora_capitata_KBHIv3___RNAseq.g41443.t1.faa.colabfold/plots/0.pdb	208	82.5431730769231	High	19	9.134615384615383	16	7.6923076923076925	72	34.61538461538461	101	48.55769230769231
proteins/Montipora_capitata_KBHIv3___RNAseq.g41567.t1.faa.colabfold/plots/0.pdb	321	96.23806853582553	Very_High	1	0.3115264797507788	2	0.6230529595015576	19	5.919003115264798	299	93.14641744548287
proteins/Montipora_capitata_KBHIv3___RNAseq.g41746.t1.faa.colabfold/plots/0.pdb	206	75.90936893203886	High	10	4.854368932038835	46	22.330097087378643	125	60.679611650485434	25	12.135922330097088
proteins/Montipora_capitata_KBHIv3___RNAseq.g41979.t1c.faa.colabfold/plots/0.pdb	1330	78.74539097744362	High	32	2.4060150375939853	215	16.165413533834585	937	70.45112781954887	146	10.977443609022556
proteins/Montipora_capitata_KBHIv3___RNAseq.g42151.t1.faa.colabfold/plots/0.pdb	341	90.73929618768331	Very_High	26	7.624633431085044	1	0.2932551319648094	28	8.211143695014663	286	83.87096774193549
proteins/Montipora_capitata_KBHIv3___RNAseq.g42225.t1.faa.colabfold/plots/0.pdb	393	84.20363867684482	High	14	3.5623409669211195	61	15.521628498727736	121	30.788804071246815	197	50.12722646310432
proteins/Montipora_capitata_KBHIv3___RNAseq.g42636.t1.faa.colabfold/plots/0.pdb	757	85.62512549537648	High	65	8.58652575957728	43	5.680317040951123	169	22.324966974900924	480	63.408190224570674
proteins/Montipora_capitata_KBHIv3___RNAseq.g43101.t1.faa.colabfold/plots/0.pdb	511	87.94870841487275	High	15	2.935420743639922	40	7.8277886497064575	98	19.17808219178082	358	70.0587084148728
proteins/Montipora_capitata_KBHIv3___RNAseq.g43349.t1.faa.colabfold/plots/0.pdb	260	84.66396153846154	High	0	0.0	39	15.0	96	36.92307692307693	125	48.07692307692308
proteins/Montipora_capitata_KBHIv3___RNAseq.g43752.t1.faa.colabfold/plots/0.pdb	412	84.2710922330097	High	34	8.25242718446602	45	10.922330097087379	86	20.87378640776699	247	59.95145631067961
proteins/Montipora_capitata_KBHIv3___RNAseq.g43871.t1.faa.colabfold/plots/0.pdb	540	96.7310555555556	Very_High	0	0.0	0	0.0	16	2.9629629629629632	524	97.03703703703704
proteins/Montipora_capitata_KBHIv3___RNAseq.g43904.t1.faa.colabfold/plots/0.pdb	561	86.95130124777182	High	50	8.9126559714795	28	4.991087344028521	65	11.58645276292335	418	74.50980392156863
proteins/Montipora_capitata_KBHIv3___RNAseq.g43941.t1.faa.colabfold/plots/0.pdb	269	90.89066914498133	Very_High	3	1.1152416356877324	6	2.2304832713754648	68	25.27881040892193	192	71.37546468401487
proteins/Montipora_capitata_KBHIv3___RNAseq.g44002.t1a.faa.colabfold/plots/0.pdb	299	92.72956521739123	Very_High	5	1.6722408026755853	3	1.0033444816053512	37	12.37458193979933	254	84.94983277591973
proteins/Montipora_capitata_KBHIv3___RNAseq.g44036.t1.faa.colabfold/plots/0.pdb	1135	88.21430837004404	High	58	5.110132158590308	67	5.903083700440528	176	15.506607929515418	834	73.48017621145374
proteins/Montipora_capitata_KBHIv3___RNAseq.g44089.t1.faa.colabfold/plots/0.pdb	301	90.53976744186042	Very_High	17	5.647840531561462	20	6.64451827242525	13	4.318936877076411	251	83.38870431893687
proteins/Montipora_capitata_KBHIv3___RNAseq.g44209.t1.faa.colabfold/plots/0.pdb	487	72.8897125256674	High	114	23.408624229979466	49	10.061601642710473	130	26.69404517453799	194	39.83572895277207
proteins/Montipora_capitata_KBHIv3___RNAseq.g44212.t1.faa.colabfold/plots/0.pdb	372	86.8768817204301	High	28	7.526881720430108	10	2.6881720430107525	82	22.043010752688172	252	67.74193548387096
proteins/Montipora_capitata_KBHIv3___RNAseq.g44216.t1.faa.colabfold/plots/0.pdb	172	95.39145348837211	Very_High	0	0.0	3	1.744186046511628	13	7.55813953488372	156	90.69767441860465
proteins/Montipora_capitata_KBHIv3___RNAseq.g44509.t1.faa.colabfold/plots/0.pdb	175	92.75685714285716	Very_High	0	0.0	3	1.7142857142857144	29	16.57142857142857	143	81.71428571428572
proteins/Montipora_capitata_KBHIv3___RNAseq.g44701.t2.faa.colabfold/plots/0.pdb	385	90.99457142857136	Very_High	8	2.0779220779220777	17	4.415584415584416	57	14.805194805194805	303	78.70129870129871
proteins/Montipora_capitata_KBHIv3___RNAseq.g44708.t1.faa.colabfold/plots/0.pdb	89	91.91258426966291	Very_High	1	1.1235955056179776	7	7.865168539325842	10	11.235955056179774	71	79.7752808988764
proteins/Montipora_capitata_KBHIv3___RNAseq.g44715.t1.faa.colabfold/plots/0.pdb	448	76.32250000000003	High	77	17.1875	49	10.9375	155	34.598214285714285	167	37.276785714285715
proteins/Montipora_capitata_KBHIv3___RNAseq.g44830.t1.faa.colabfold/plots/0.pdb	209	88.77861244019142	High	18	8.61244019138756	9	4.30622009569378	22	10.526315789473683	160	76.55502392344498
proteins/Montipora_capitata_KBHIv3___RNAseq.g44949.t1.faa.colabfold/plots/0.pdb	674	80.81623145400593	High	21	3.115727002967359	83	12.314540059347182	469	69.58456973293768	101	14.985163204747776
proteins/Montipora_capitata_KBHIv3___RNAseq.g45000.t1.faa.colabfold/plots/0.pdb	488	94.1864549180328	Very_High	10	2.0491803278688523	11	2.2540983606557377	35	7.172131147540983	432	88.52459016393442
proteins/Montipora_capitata_KBHIv3___RNAseq.g45279.t1.faa.colabfold/plots/0.pdb	425	92.7951764705883	Very_High	15	3.5294117647058822	11	2.588235294117647	29	6.8235294117647065	370	87.05882352941177
proteins/Montipora_capitata_KBHIv3___RNAseq.g45378.t1.faa.colabfold/plots/0.pdb	357	83.8003081232494	High	38	10.644257703081232	23	6.442577030812324	95	26.610644257703083	201	56.30252100840336
proteins/Montipora_capitata_KBHIv3___RNAseq.g45418.t1.faa.colabfold/plots/0.pdb	182	94.26285714285709	Very_High	1	0.5494505494505495	1	0.5494505494505495	14	7.6923076923076925	166	91.20879120879121
proteins/Montipora_capitata_KBHIv3___RNAseq.g45538.t1.faa.colabfold/plots/0.pdb	406	86.3031527093596	High	56	13.793103448275861	12	2.955665024630542	18	4.433497536945813	320	78.81773399014779
proteins/Montipora_capitata_KBHIv3___RNAseq.g4584.t1.faa.colabfold/plots/0.pdb	617	80.55982171799026	High	70	11.345218800648297	56	9.076175040518638	222	35.980551053484604	269	43.59805510534846
proteins/Montipora_capitata_KBHIv3___RNAseq.g46103.t2.faa.colabfold/plots/0.pdb	491	83.5029327902241	High	88	17.922606924643585	11	2.240325865580448	26	5.295315682281059	366	74.54175152749491
proteins/Montipora_capitata_KBHIv3___RNAseq.g46451.t1.faa.colabfold/plots/0.pdb	209	87.79866028708135	High	3	1.4354066985645932	22	10.526315789473683	45	21.5311004784689	139	66.50717703349282
proteins/Montipora_capitata_KBHIv3___RNAseq.g46805.t1.faa.colabfold/plots/0.pdb	181	95.07248618784526	Very_High	0	0.0	2	1.1049723756906076	11	6.077348066298343	168	92.81767955801105
proteins/Montipora_capitata_KBHIv3___RNAseq.g4689.t1.faa.colabfold/plots/0.pdb	451	89.63585365853663	High	8	1.7738359201773837	28	6.208425720620843	85	18.8470066518847	330	73.17073170731707
proteins/Montipora_capitata_KBHIv3___RNAseq.g47248.t1.faa.colabfold/plots/0.pdb	127	73.52795275590556	High	4	3.149606299212598	45	35.43307086614173	77	60.629921259842526	1	0.7874015748031495
proteins/Montipora_capitata_KBHIv3___RNAseq.g47300.t1.faa.colabfold/plots/0.pdb	134	87.86664179104478	High	7	5.223880597014925	10	7.462686567164178	22	16.417910447761194	95	70.8955223880597
proteins/Montipora_capitata_KBHIv3___RNAseq.g47427.t1.faa.colabfold/plots/0.pdb	245	92.19873469387757	Very_High	13	5.3061224489795915	9	3.6734693877551026	8	3.2653061224489797	215	87.75510204081633
proteins/Montipora_capitata_KBHIv3___RNAseq.g47514.t1.faa.colabfold/plots/0.pdb	180	76.08722222222225	High	11	6.111111111111111	45	25.0	79	43.888888888888886	45	25.0
proteins/Montipora_capitata_KBHIv3___RNAseq.g47529.t1.faa.colabfold/plots/0.pdb	418	90.81566985645938	Very_High	19	4.545454545454546	14	3.349282296650718	54	12.918660287081341	331	79.18660287081339
proteins/Montipora_capitata_KBHIv3___RNAseq.g47533.t1.faa.colabfold/plots/0.pdb	812	77.33777093596052	High	148	18.226600985221676	61	7.512315270935961	206	25.36945812807882	397	48.891625615763544
proteins/Montipora_capitata_KBHIv3___RNAseq.g47589.t1.faa.colabfold/plots/0.pdb	741	77.53658569500679	High	132	17.813765182186234	44	5.937921727395412	236	31.84885290148448	329	44.39946018893387
proteins/Montipora_capitata_KBHIv3___RNAseq.g47626.t1.faa.colabfold/plots/0.pdb	588	87.45853741496593	High	36	6.122448979591836	39	6.63265306122449	102	17.346938775510203	411	69.89795918367348
proteins/Montipora_capitata_KBHIv3___RNAseq.g48077.t2.faa.colabfold/plots/0.pdb	270	74.90492592592584	High	71	26.296296296296294	26	9.62962962962963	53	19.62962962962963	120	44.44444444444444
proteins/Montipora_capitata_KBHIv3___RNAseq.g48184.t1.faa.colabfold/plots/0.pdb	1505	75.45549501661128	High	302	20.06644518272425	106	7.043189368770763	522	34.6843853820598	575	38.205980066445186
proteins/Montipora_capitata_KBHIv3___RNAseq.g48223.t1.faa.colabfold/plots/0.pdb	241	92.03493775933616	Very_High	3	1.2448132780082988	3	1.2448132780082988	60	24.896265560165975	175	72.61410788381743
proteins/Montipora_capitata_KBHIv3___RNAseq.g48276.t1.faa.colabfold/plots/0.pdb	1304	87.6546702453987	High	104	7.975460122699387	22	1.687116564417178	221	16.947852760736197	957	73.38957055214725
proteins/Montipora_capitata_KBHIv3___RNAseq.g48714.t1.faa.colabfold/plots/0.pdb	301	78.34279069767437	High	40	13.2890365448505	47	15.614617940199334	89	29.568106312292358	125	41.52823920265781
proteins/Montipora_capitata_KBHIv3___RNAseq.g49020.t1.faa.colabfold/plots/0.pdb	436	78.05704128440364	High	95	21.788990825688074	26	5.963302752293578	77	17.660550458715598	238	54.58715596330275
proteins/Montipora_capitata_KBHIv3___RNAseq.g49768.t1.faa.colabfold/plots/0.pdb	196	86.63260204081634	High	6	3.061224489795918	17	8.673469387755102	68	34.69387755102041	105	53.57142857142857
proteins/Montipora_capitata_KBHIv3___RNAseq.g50136.t1.faa.colabfold/plots/0.pdb	291	88.67900343642613	High	0	0.0	13	4.4673539518900345	98	33.67697594501718	180	61.855670103092784
proteins/Montipora_capitata_KBHIv3___RNAseq.g524.t1.faa.colabfold/plots/0.pdb	545	89.03176146788988	High	15	2.7522935779816518	27	4.954128440366973	125	22.93577981651376	378	69.35779816513762
proteins/Montipora_capitata_KBHIv3___RNAseq.g5404.t1.faa.colabfold/plots/0.pdb	367	92.31697547683927	Very_High	21	5.722070844686648	7	1.9073569482288828	19	5.177111716621254	320	87.19346049046321
proteins/Montipora_capitata_KBHIv3___RNAseq.g542.t1.faa.colabfold/plots/0.pdb	242	85.5393388429752	High	2	0.8264462809917356	27	11.15702479338843	100	41.32231404958678	113	46.69421487603306
proteins/Montipora_capitata_KBHIv3___RNAseq.g5451.t1.faa.colabfold/plots/0.pdb	1017	79.21479842674532	High	84	8.259587020648967	154	15.142576204523106	476	46.80432645034415	303	29.793510324483773
proteins/Montipora_capitata_KBHIv3___RNAseq.g545.t1a.faa.colabfold/plots/0.pdb	842	81.35878859857486	High	54	6.413301662707839	44	5.225653206650831	553	65.67695961995248	191	22.68408551068884
proteins/Montipora_capitata_KBHIv3___RNAseq.g5491.t1.faa.colabfold/plots/0.pdb	349	78.33805157593125	High	56	16.045845272206304	26	7.4498567335243555	128	36.67621776504298	139	39.82808022922636
proteins/Montipora_capitata_KBHIv3___RNAseq.g5551.t1.faa.colabfold/plots/0.pdb	1109	78.39375112714158	High	212	19.116321009918845	29	2.6149684400360687	307	27.68259693417493	561	50.586113615870154
proteins/Montipora_capitata_KBHIv3___RNAseq.g613.t1.faa.colabfold/plots/0.pdb	148	85.51499999999999	High	7	4.72972972972973	19	12.837837837837837	34	22.972972972972975	88	59.45945945945946
proteins/Montipora_capitata_KBHIv3___RNAseq.g6255.t1a.faa.colabfold/plots/0.pdb	344	84.05781976744187	High	57	16.569767441860463	15	4.3604651162790695	26	7.55813953488372	246	71.51162790697676
proteins/Montipora_capitata_KBHIv3___RNAseq.g6296.t1.faa.colabfold/plots/0.pdb	144	89.63215277777778	High	2	1.3888888888888888	7	4.861111111111112	40	27.77777777777778	95	65.97222222222221
proteins/Montipora_capitata_KBHIv3___RNAseq.g6397.t1.faa.colabfold/plots/0.pdb	411	77.63815085158147	High	114	27.73722627737226	9	2.18978102189781	11	2.67639902676399	277	67.39659367396594
proteins/Montipora_capitata_KBHIv3___RNAseq.g6487.t1.faa.colabfold/plots/0.pdb	318	93.05147798742136	Very_High	9	2.8301886792452833	6	1.8867924528301887	27	8.49056603773585	276	86.79245283018868
proteins/Montipora_capitata_KBHIv3___RNAseq.g6616.t1.faa.colabfold/plots/0.pdb	325	79.20436923076922	High	78	24.0	17	5.230769230769231	9	2.769230769230769	221	68.0
proteins/Montipora_capitata_KBHIv3___RNAseq.g6642.t1.faa.colabfold/plots/0.pdb	454	77.94160792951548	High	20	4.405286343612335	48	10.572687224669604	370	81.4977973568282	16	3.524229074889868
proteins/Montipora_capitata_KBHIv3___RNAseq.g6829.t1.faa.colabfold/plots/0.pdb	203	89.96256157635462	High	13	6.403940886699508	6	2.955665024630542	19	9.35960591133005	165	81.2807881773399
proteins/Montipora_capitata_KBHIv3___RNAseq.g6841.t1a.faa.colabfold/plots/0.pdb	321	68.10937694704052	Low	118	36.7601246105919	17	5.29595015576324	63	19.626168224299064	123	38.31775700934579
proteins/Montipora_capitata_KBHIv3___RNAseq.g7235.t1.faa.colabfold/plots/0.pdb	392	73.77229591836729	High	126	32.142857142857146	10	2.5510204081632653	46	11.73469387755102	210	53.57142857142857
proteins/Montipora_capitata_KBHIv3___RNAseq.g7239.t1.faa.colabfold/plots/0.pdb	479	86.05114822546976	High	47	9.812108559498958	39	8.1419624217119	62	12.943632567849686	331	69.10229645093946
proteins/Montipora_capitata_KBHIv3___RNAseq.g7266.t1.faa.colabfold/plots/0.pdb	395	75.9600506329114	High	78	19.746835443037973	34	8.60759493670886	110	27.848101265822784	173	43.79746835443038
proteins/Montipora_capitata_KBHIv3___RNAseq.g7383.t1.faa.colabfold/plots/0.pdb	289	82.77256055363323	High	51	17.647058823529413	6	2.0761245674740483	33	11.418685121107266	199	68.85813148788927
proteins/Montipora_capitata_KBHIv3___RNAseq.g7396.t1.faa.colabfold/plots/0.pdb	288	67.8326041666667	Low	101	35.06944444444444	29	10.069444444444445	48	16.666666666666664	110	38.19444444444444
proteins/Montipora_capitata_KBHIv3___RNAseq.g7438.t1.faa.colabfold/plots/0.pdb	135	77.12548148148151	High	18	13.333333333333334	29	21.48148148148148	29	21.48148148148148	59	43.7037037037037
proteins/Montipora_capitata_KBHIv3___RNAseq.g750.t1.faa.colabfold/plots/0.pdb	398	77.12954773869338	High	96	24.120603015075375	21	5.276381909547738	32	8.040201005025125	249	62.562814070351756
proteins/Montipora_capitata_KBHIv3___RNAseq.g831.t1.faa.colabfold/plots/0.pdb	128	88.03499999999997	High	9	7.03125	7	5.46875	18	14.0625	94	73.4375
proteins/Montipora_capitata_KBHIv3___RNAseq.g8711.t1.faa.colabfold/plots/0.pdb	542	86.31905904059039	High	36	6.642066420664207	35	6.4575645756457565	134	24.723247232472325	337	62.17712177121771
proteins/Montipora_capitata_KBHIv3___RNAseq.g8721.t1.faa.colabfold/plots/0.pdb	215	80.49409302325584	High	9	4.186046511627907	17	7.906976744186046	174	80.93023255813954	15	6.976744186046512
proteins/Montipora_capitata_KBHIv3___RNAseq.g8800.t1.faa.colabfold/plots/0.pdb	962	71.09089397089399	High	249	25.883575883575883	80	8.316008316008316	253	26.2993762993763	380	39.5010395010395
proteins/Montipora_capitata_KBHIv3___RNAseq.g8875.t1.faa.colabfold/plots/0.pdb	2693	81.03632008911997	High	125	4.641663572224285	165	6.126995915336057	2181	80.98774600816932	222	8.24359450427033
proteins/Montipora_capitata_KBHIv3___RNAseq.g8900.t1.faa.colabfold/plots/0.pdb	253	80.05952569169962	High	55	21.73913043478261	11	4.3478260869565215	19	7.5098814229249005	168	66.40316205533597
proteins/Montipora_capitata_KBHIv3___RNAseq.g902.t1.faa.colabfold/plots/0.pdb	402	93.84567164179096	Very_High	0	0.0	13	3.233830845771144	55	13.681592039800993	334	83.08457711442786
proteins/Montipora_capitata_KBHIv3___RNAseq.g9281.t1.faa.colabfold/plots/0.pdb	311	81.21199356913182	High	26	8.360128617363344	34	10.932475884244374	138	44.37299035369775	113	36.33440514469453
proteins/Montipora_capitata_KBHIv3___RNAseq.g9430.t1.faa.colabfold/plots/0.pdb	285	89.78603508771933	High	10	3.508771929824561	17	5.964912280701754	43	15.087719298245613	215	75.43859649122807
proteins/Montipora_capitata_KBHIv3___RNAseq.g9462.t1.faa.colabfold/plots/0.pdb	744	80.5200268817205	High	96	12.903225806451612	51	6.854838709677419	239	32.123655913978496	358	48.11827956989247
proteins/Montipora_capitata_KBHIv3___RNAseq.g9543.t1.faa.colabfold/plots/0.pdb	183	96.32562841530051	Very_High	0	0.0	0	0.0	2	1.092896174863388	181	98.90710382513662
proteins/Montipora_capitata_KBHIv3___RNAseq.g9641.t1.faa.colabfold/plots/0.pdb	347	87.27023054755036	High	39	11.239193083573488	2	0.5763688760806917	42	12.103746397694524	264	76.0806916426513
proteins/Montipora_capitata_KBHIv3___TS.g10194.t1.faa.colabfold/plots/0.pdb	158	84.10259493670887	High	9	5.69620253164557	18	11.39240506329114	46	29.11392405063291	85	53.79746835443038
proteins/Montipora_capitata_KBHIv3___TS.g1050.t1.faa.colabfold/plots/0.pdb	172	85.94261627906977	High	6	3.488372093023256	17	9.883720930232558	55	31.976744186046513	94	54.65116279069767
proteins/Montipora_capitata_KBHIv3___TS.g14686.t2.faa.colabfold/plots/0.pdb	694	85.6165129682998	High	45	6.484149855907781	40	5.763688760806916	198	28.530259365994237	411	59.221902017291065
proteins/Montipora_capitata_KBHIv3___TS.g15842.t1.faa.colabfold/plots/0.pdb	450	90.20228888888882	Very_High	20	4.444444444444445	23	5.111111111111112	35	7.777777777777778	372	82.66666666666667
proteins/Montipora_capitata_KBHIv3___TS.g17481.t1.faa.colabfold/plots/0.pdb	193	96.00139896373055	Very_High	1	0.5181347150259068	2	1.0362694300518136	6	3.1088082901554404	184	95.33678756476684
proteins/Montipora_capitata_KBHIv3___TS.g1797.t1.faa.colabfold/plots/0.pdb	347	73.20573487031703	High	66	19.020172910662826	57	16.42651296829971	146	42.07492795389049	78	22.478386167146976
proteins/Montipora_capitata_KBHIv3___TS.g19676.t1.faa.colabfold/plots/0.pdb	609	80.31722495894913	High	65	10.673234811165845	69	11.330049261083744	226	37.11001642036125	249	40.88669950738916
proteins/Montipora_capitata_KBHIv3___TS.g20757.t2.faa.colabfold/plots/0.pdb	477	80.7220964360587	High	49	10.272536687631026	33	6.918238993710692	169	35.42976939203354	226	47.37945492662474
proteins/Montipora_capitata_KBHIv3___TS.g21081.t2.faa.colabfold/plots/0.pdb	794	62.27938287153653	Low	312	39.29471032745592	87	10.957178841309824	228	28.71536523929471	167	21.03274559193955
proteins/Montipora_capitata_KBHIv3___TS.g21159.t1.faa.colabfold/plots/0.pdb	531	90.46408662900195	Very_High	7	1.3182674199623352	29	5.4613935969868175	106	19.962335216572505	389	73.25800376647834
proteins/Montipora_capitata_KBHIv3___TS.g23084.t1a.faa.colabfold/plots/0.pdb	535	70.71674766355139	High	64	11.962616822429908	178	33.271028037383175	232	43.36448598130841	61	11.401869158878505
proteins/Montipora_capitata_KBHIv3___TS.g24212.t1.faa.colabfold/plots/0.pdb	941	72.42435706695015	High	246	26.142401700318814	69	7.332624867162593	242	25.717321997874603	384	40.807651434643994
proteins/Montipora_capitata_KBHIv3___TS.g25013.t1.faa.colabfold/plots/0.pdb	484	65.60772727272732	Low	182	37.60330578512397	27	5.578512396694215	139	28.719008264462808	136	28.09917355371901
proteins/Montipora_capitata_KBHIv3___TS.g26649.t1.faa.colabfold/plots/0.pdb	553	70.26186256781202	High	140	25.31645569620253	57	10.30741410488246	228	41.22965641952984	128	23.146473779385172
proteins/Montipora_capitata_KBHIv3___TS.g26963.t2.faa.colabfold/plots/0.pdb	540	71.72901851851852	High	79	14.629629629629628	131	24.25925925925926	290	53.70370370370371	40	7.4074074074074066
proteins/Montipora_capitata_KBHIv3___TS.g27174.t2.faa.colabfold/plots/0.pdb	414	63.88599033816422	Low	51	12.318840579710146	222	53.62318840579711	135	32.608695652173914	6	1.4492753623188406
proteins/Montipora_capitata_KBHIv3___TS.g29049.t1.faa.colabfold/plots/0.pdb	520	83.0152884615383	High	64	12.307692307692308	46	8.846153846153847	98	18.846153846153847	312	60.0
proteins/Montipora_capitata_KBHIv3___TS.g3136.t1c.faa.colabfold/plots/0.pdb	506	75.3617984189723	High	74	14.624505928853754	92	18.181818181818183	175	34.58498023715415	165	32.608695652173914
proteins/Montipora_capitata_KBHIv3___TS.g33868.t1.faa.colabfold/plots/0.pdb	2772	72.00880952380946	High	425	15.331890331890333	330	11.904761904761903	1945	70.16594516594516	72	2.5974025974025974
proteins/Montipora_capitata_KBHIv3___TS.g3541.t1.faa.colabfold/plots/0.pdb	444	73.71576576576574	High	108	24.324324324324326	36	8.108108108108109	107	24.0990990990991	193	43.468468468468465
proteins/Montipora_capitata_KBHIv3___TS.g36349.t1.faa.colabfold/plots/0.pdb	405	72.20627160493825	High	85	20.98765432098765	62	15.308641975308642	141	34.81481481481482	117	28.888888888888886
proteins/Montipora_capitata_KBHIv3___TS.g37247.t1.faa.colabfold/plots/0.pdb	412	87.87456310679617	High	28	6.796116504854369	12	2.912621359223301	79	19.174757281553397	293	71.11650485436894
proteins/Montipora_capitata_KBHIv3___TS.g3836.t1.faa.colabfold/plots/0.pdb	990	82.02182828282822	High	65	6.565656565656567	64	6.4646464646464645	558	56.36363636363636	303	30.606060606060602
proteins/Montipora_capitata_KBHIv3___TS.g39602.t2.faa.colabfold/plots/0.pdb	514	66.72867704280154	Low	169	32.87937743190661	61	11.86770428015564	119	23.151750972762645	165	32.1011673151751
proteins/Montipora_capitata_KBHIv3___TS.g40322.t1.faa.colabfold/plots/0.pdb	826	90.05451573849882	Very_High	11	1.331719128329298	20	2.4213075060532687	215	26.02905569007264	580	70.2179176755448
proteins/Montipora_capitata_KBHIv3___TS.g41761.t2.faa.colabfold/plots/0.pdb	202	65.69613861386138	Low	51	25.247524752475247	53	26.237623762376238	98	48.51485148514851	0	0.0
proteins/Montipora_capitata_KBHIv3___TS.g43945.t2.faa.colabfold/plots/0.pdb	337	62.403976261127625	Low	142	42.13649851632047	39	11.572700296735905	108	32.047477744807125	48	14.243323442136498
proteins/Montipora_capitata_KBHIv3___TS.g44629.t1.faa.colabfold/plots/0.pdb	523	82.04776290630969	High	38	7.265774378585086	42	8.030592734225621	246	47.03632887189293	197	37.66730401529637
proteins/Montipora_capitata_KBHIv3___TS.g457.t2.faa.colabfold/plots/0.pdb	457	90.02306345733044	Very_High	12	2.62582056892779	21	4.595185995623632	73	15.973741794310722	351	76.80525164113786
proteins/Montipora_capitata_KBHIv3___TS.g47848.t2.faa.colabfold/plots/0.pdb	304	75.9941776315789	High	72	23.684210526315788	21	6.907894736842106	76	25.0	135	44.40789473684211
proteins/Montipora_capitata_KBHIv3___TS.g50810.t1.faa.colabfold/plots/0.pdb	427	60.355761124121756	Low	181	42.38875878220141	68	15.92505854800937	143	33.48946135831382	35	8.19672131147541
proteins/Montipora_capitata_KBHIv3___TS.g5308.t2b.faa.colabfold/plots/0.pdb	1627	81.8852489244007	High	154	9.465273509526737	103	6.330669944683466	612	37.61524277811924	758	46.58881376767056
proteins/Montipora_capitata_KBHIv3___TS.g7124.t2a.faa.colabfold/plots/0.pdb	787	74.9294027954257	High	108	13.722998729351971	146	18.55146124523507	351	44.5997458703939	182	23.12579415501906
proteins/Montipora_capitata_KBHIv3___TS.g9442.t1.faa.colabfold/plots/0.pdb	524	66.67223282442754	Low	205	39.12213740458015	35	6.679389312977099	60	11.450381679389313	224	42.74809160305343
